fecha,id,g95,g98,gA
2026-02-21,10131,1.369,1.502,1.299
2026-02-22,10131,1.369,1.502,1.299
2026-02-23,10131,1.369,1.502,1.299
2026-02-24,10131,1.389,1.502,1.31
2026-02-25,10131,1.389,1.502,1.31
2026-02-26,10131,1.389,1.502,1.31
2026-02-27,10131,1.389,1.502,1.31
2026-02-28,10131,1.389,1.502,1.31
2026-03-01,10131,1.389,1.502,1.31
2026-03-02,10131,1.399,1.512,1.325
2026-03-03,10131,1.479,1.592,1.405
2026-03-04,10131,1.479,1.592,1.405
2026-03-05,10131,1.479,1.592,1.479
2026-03-06,10131,1.579,1.632,1.599
2026-03-07,10131,1.579,1.632,1.689
2026-03-08,10131,1.579,1.632,1.689
2026-03-09,10131,1.579,1.632,1.689
2026-03-10,10131,1.579,1.632,1.703
2026-03-11,10131,1.579,1.632,1.749
2026-03-12,10131,1.619,1.699,1.769
2026-03-13,10131,1.619,1.699,1.769
2026-03-14,10131,1.619,1.699,1.769
2026-03-15,10131,1.619,1.699,1.769
2026-03-16,10131,1.619,1.699,1.799
2026-03-17,10131,1.619,1.699,1.849
2026-03-18,10131,1.619,1.699,1.849
2026-03-19,10131,1.748,1.868,1.899
2026-03-20,10131,1.748,1.868,1.919
2026-03-21,10131,1.748,1.868,1.919
2026-03-22,10131,1.589,1.698,1.745
2026-02-21,10167,1.409,,1.389
2026-02-22,10167,1.409,,1.389
2026-02-23,10167,1.409,,1.389
2026-02-24,10167,1.409,,1.389
2026-02-25,10167,1.409,,1.389
2026-02-26,10167,1.419,,1.399
2026-02-27,10167,1.419,,1.399
2026-02-28,10167,1.419,,1.399
2026-03-01,10167,1.419,,1.399
2026-03-02,10167,1.479,,1.439
2026-03-03,10167,1.479,,1.499
2026-03-04,10167,1.479,,1.499
2026-03-05,10167,1.599,,1.599
2026-03-06,10167,1.649,,1.649
2026-03-07,10167,1.649,,1.649
2026-03-08,10167,1.649,,1.649
2026-03-09,10167,1.699,,1.749
2026-03-10,10167,1.739,,1.859
2026-03-11,10167,1.699,,1.799
2026-03-12,10167,1.699,,1.839
2026-03-13,10167,1.729,,1.889
2026-03-14,10167,1.729,,1.889
2026-03-15,10167,1.729,,1.889
2026-03-16,10167,1.729,,1.889
2026-03-17,10167,1.789,,1.929
2026-03-18,10167,1.789,,1.929
2026-03-19,10167,1.789,,1.929
2026-03-20,10167,1.819,,1.939
2026-03-21,10167,1.819,,1.939
2026-03-22,10167,1.819,,1.939
2026-02-21,11020,1.399,,1.349
2026-02-22,11020,1.399,,1.349
2026-02-23,11020,1.399,,1.349
2026-02-24,11020,1.399,,1.349
2026-02-25,11020,1.399,,1.349
2026-02-26,11020,1.399,,1.349
2026-02-27,11020,1.399,,1.349
2026-02-28,11020,1.419,,1.369
2026-03-01,11020,1.419,,1.369
2026-03-02,11020,1.449,,1.399
2026-03-03,11020,1.489,,1.459
2026-03-04,11020,1.499,,1.499
2026-03-05,11020,1.549,,1.549
2026-03-06,11020,1.599,,1.599
2026-03-07,11020,1.599,,1.599
2026-03-08,11020,1.599,,1.599
2026-03-09,11020,1.679,,1.749
2026-03-10,11020,1.679,,1.749
2026-03-11,11020,1.629,,1.749
2026-03-12,11020,1.639,,1.769
2026-03-13,11020,1.699,,1.789
2026-03-14,11020,1.699,,1.829
2026-03-15,11020,1.699,,1.829
2026-03-16,11020,1.719,,1.849
2026-03-17,11020,1.719,,1.879
2026-03-18,11020,1.739,,1.899
2026-03-19,11020,1.739,,1.899
2026-03-20,11020,1.759,,1.929
2026-03-21,11020,1.799,,1.959
2026-03-22,11020,1.499,,1.739
2026-02-21,11588,1.569,1.719,1.499
2026-02-22,11588,1.569,1.719,1.499
2026-02-23,11588,1.569,1.719,1.499
2026-02-24,11588,1.569,1.719,1.504
2026-02-25,11588,1.574,1.724,1.504
2026-02-26,11588,1.579,1.729,1.499
2026-02-27,11588,1.585,1.735,1.509
2026-02-28,11588,1.575,1.725,1.519
2026-03-01,11588,1.575,1.725,1.519
2026-03-02,11588,1.575,1.725,1.519
2026-03-03,11588,1.609,1.759,1.565
2026-03-04,11588,1.585,1.735,1.565
2026-03-05,11588,1.609,1.759,1.629
2026-03-06,11588,1.619,1.769,1.699
2026-03-07,11588,1.649,1.799,1.799
2026-03-08,11588,1.669,1.819,1.859
2026-03-09,11588,1.669,1.819,1.859
2026-03-10,11588,1.709,1.859,1.929
2026-03-11,11588,1.729,1.879,1.889
2026-03-12,11588,1.699,1.849,1.849
2026-03-13,11588,1.695,1.845,1.859
2026-03-14,11588,1.729,1.879,1.909
2026-03-15,11588,1.739,1.889,1.919
2026-03-16,11588,1.739,1.889,1.919
2026-03-17,11588,1.779,1.929,1.929
2026-03-18,11588,1.789,1.939,1.949
2026-03-19,11588,1.799,1.949,1.959
2026-03-20,11588,1.819,1.969,1.989
2026-03-21,11588,1.839,1.695,2.059
2026-03-22,11588,1.555,1.695,1.829
2026-02-21,11614,1.439,1.579,1.419
2026-02-22,11614,1.439,1.579,1.419
2026-02-23,11614,1.439,1.579,1.429
2026-02-24,11614,1.445,1.585,1.435
2026-02-25,11614,1.445,1.585,1.439
2026-02-26,11614,1.449,1.589,1.449
2026-02-27,11614,1.449,1.589,1.449
2026-02-28,11614,1.449,1.589,1.449
2026-03-01,11614,1.449,1.589,1.449
2026-03-02,11614,1.469,1.609,1.469
2026-03-03,11614,1.479,1.619,1.479
2026-03-04,11614,1.499,1.639,1.499
2026-03-05,11614,1.529,1.669,1.549
2026-03-06,11614,1.549,1.689,1.599
2026-03-07,11614,1.549,1.689,1.599
2026-03-08,11614,1.549,1.689,1.599
2026-03-09,11614,1.599,1.739,1.759
2026-03-10,11614,1.619,1.759,1.799
2026-03-11,11614,1.639,1.779,1.819
2026-03-12,11614,1.639,1.779,1.819
2026-03-13,11614,1.659,1.799,1.859
2026-03-14,11614,1.659,1.799,1.859
2026-03-15,11614,1.659,1.799,1.859
2026-03-16,11614,1.659,1.799,1.859
2026-03-17,11614,1.679,1.819,1.879
2026-03-18,11614,1.699,1.839,1.889
2026-03-19,11614,1.729,1.869,1.949
2026-03-20,11614,1.759,1.899,1.959
2026-03-21,11614,1.759,1.727,1.959
2026-03-22,11614,1.599,1.727,1.781
2026-02-21,11629,1.439,,1.419
2026-02-22,11629,1.439,,1.419
2026-02-23,11629,1.449,,1.419
2026-02-24,11629,1.459,,1.439
2026-02-25,11629,1.469,,1.439
2026-02-26,11629,1.469,,1.439
2026-02-27,11629,1.469,,1.429
2026-02-28,11629,1.459,,1.429
2026-03-01,11629,1.459,,1.429
2026-03-02,11629,1.459,,1.429
2026-03-03,11629,1.459,,1.459
2026-03-04,11629,1.489,,1.509
2026-03-05,11629,1.523,,1.573
2026-03-06,11629,1.538,,1.588
2026-03-07,11629,1.569,,1.679
2026-03-08,11629,1.569,,1.679
2026-03-09,11629,1.579,,1.719
2026-03-10,11629,1.639,,1.779
2026-03-11,11629,1.645,,1.799
2026-03-12,11629,1.625,,1.779
2026-03-13,11629,1.645,,1.809
2026-03-14,11629,1.679,,1.839
2026-03-15,11629,1.679,,1.839
2026-03-16,11629,1.699,,1.859
2026-03-17,11629,1.725,,1.879
2026-03-18,11629,1.735,,1.905
2026-03-19,11629,1.735,,1.905
2026-03-20,11629,1.765,,1.95
2026-03-21,11629,1.775,,1.98
2026-03-22,11629,1.775,,1.98
2026-02-21,11865,1.509,,1.469
2026-02-22,11865,1.509,,1.469
2026-02-23,11865,1.509,,1.469
2026-02-24,11865,1.509,,1.469
2026-02-25,11865,1.509,,1.469
2026-02-26,11865,1.519,,1.509
2026-02-27,11865,1.519,,1.509
2026-02-28,11865,1.519,,1.509
2026-03-01,11865,1.519,,1.509
2026-03-02,11865,1.519,,1.509
2026-03-03,11865,1.519,,1.509
2026-03-04,11865,1.519,,1.509
2026-03-05,11865,1.519,,1.509
2026-03-06,11865,1.615,,1.689
2026-03-07,11865,1.615,,1.689
2026-03-08,11865,1.615,,1.689
2026-03-09,11865,1.645,,1.815
2026-03-10,11865,1.645,,1.815
2026-03-11,11865,1.689,,1.865
2026-03-12,11865,1.675,,1.855
2026-03-13,11865,1.675,,1.855
2026-03-14,11865,1.719,,1.899
2026-03-15,11865,1.719,,1.899
2026-03-16,11865,1.719,,1.899
2026-03-17,11865,1.719,,1.899
2026-03-18,11865,1.719,,1.899
2026-03-19,11865,1.719,,1.899
2026-03-20,11865,1.719,,1.899
2026-03-21,11865,1.719,,1.899
2026-03-22,11865,1.719,,1.899
2026-02-21,12126,1.329,,1.259
2026-02-22,12126,1.329,,1.259
2026-02-23,12126,1.329,,1.259
2026-02-24,12126,1.329,,1.259
2026-02-25,12126,1.329,,1.259
2026-02-26,12126,1.339,,1.269
2026-02-27,12126,1.339,,1.269
2026-02-28,12126,1.339,,1.269
2026-03-01,12126,1.339,,1.269
2026-03-02,12126,1.379,,1.339
2026-03-03,12126,1.379,,1.399
2026-03-04,12126,1.379,,1.399
2026-03-05,12126,1.499,,1.499
2026-03-06,12126,1.599,,1.599
2026-03-07,12126,1.599,,1.599
2026-03-08,12126,1.599,,1.599
2026-03-09,12126,1.649,,1.699
2026-03-10,12126,1.749,,1.799
2026-03-11,12126,1.599,,1.699
2026-03-12,12126,1.619,,1.719
2026-03-13,12126,1.699,,1.829
2026-03-14,12126,1.699,,1.829
2026-03-15,12126,1.699,,1.829
2026-03-16,12126,1.699,,1.829
2026-03-17,12126,1.729,,1.899
2026-03-18,12126,1.729,,1.899
2026-03-19,12126,1.729,,1.899
2026-03-20,12126,1.759,,1.899
2026-03-21,12126,1.759,,1.899
2026-03-22,12126,1.759,,1.899
2026-02-21,12290,1.549,1.699,1.529
2026-02-22,12290,1.549,1.699,1.529
2026-02-23,12290,1.549,1.699,1.529
2026-02-24,12290,1.549,1.699,1.529
2026-02-25,12290,1.559,1.709,1.549
2026-02-26,12290,1.555,1.705,1.535
2026-02-27,12290,1.555,1.705,1.535
2026-02-28,12290,1.555,1.705,1.535
2026-03-01,12290,1.555,1.705,1.535
2026-03-02,12290,1.555,1.705,1.535
2026-03-03,12290,1.579,1.729,1.565
2026-03-04,12290,1.569,1.719,1.575
2026-03-05,12290,1.599,1.749,1.639
2026-03-06,12290,1.625,1.775,1.719
2026-03-07,12290,1.659,1.809,1.799
2026-03-08,12290,1.685,1.835,1.879
2026-03-09,12290,1.685,1.835,1.879
2026-03-10,12290,1.699,1.849,1.929
2026-03-11,12290,1.709,1.859,1.885
2026-03-12,12290,1.709,1.859,1.875
2026-03-13,12290,1.699,1.849,1.885
2026-03-14,12290,1.749,1.899,1.929
2026-03-15,12290,1.749,1.899,1.939
2026-03-16,12290,1.749,1.899,1.939
2026-03-17,12290,1.789,1.939,1.949
2026-03-18,12290,1.809,1.959,1.969
2026-03-19,12290,1.819,1.969,1.979
2026-03-20,12290,1.825,1.975,2.009
2026-03-21,12290,1.845,1.689,2.079
2026-03-22,12290,1.549,1.689,1.849
2026-02-21,13067,1.429,1.529,1.373
2026-02-22,13067,1.429,1.529,1.373
2026-02-23,13067,1.429,1.529,1.373
2026-02-24,13067,1.429,1.529,1.373
2026-02-25,13067,1.445,1.585,1.429
2026-02-26,13067,1.445,1.585,1.429
2026-02-27,13067,1.445,1.585,1.429
2026-02-28,13067,1.445,1.585,1.429
2026-03-01,13067,1.445,1.585,1.429
2026-03-02,13067,1.445,1.585,1.429
2026-03-03,13067,1.445,1.585,1.429
2026-03-04,13067,1.479,1.585,1.469
2026-03-05,13067,1.479,1.585,1.469
2026-03-06,13067,1.519,1.619,1.539
2026-03-07,13067,1.549,1.689,1.589
2026-03-08,13067,1.549,1.689,1.589
2026-03-09,13067,1.549,1.689,1.589
2026-03-10,13067,1.599,1.739,1.759
2026-03-11,13067,1.619,1.759,1.799
2026-03-12,13067,1.639,1.779,1.819
2026-03-13,13067,1.639,1.779,1.819
2026-03-14,13067,1.639,1.779,1.819
2026-03-15,13067,1.659,1.799,1.859
2026-03-16,13067,1.659,1.799,1.859
2026-03-17,13067,1.659,1.799,1.859
2026-03-18,13067,1.659,1.799,1.859
2026-03-19,13067,1.699,1.839,1.889
2026-03-20,13067,1.699,1.839,1.889
2026-03-21,13067,1.699,1.839,1.889
2026-03-22,13067,1.699,1.839,1.889
2026-02-21,13376,1.549,1.699,1.519
2026-02-22,13376,1.549,1.699,1.519
2026-02-23,13376,1.549,1.699,1.519
2026-02-24,13376,1.549,1.709,1.529
2026-02-25,13376,1.555,1.715,1.535
2026-02-26,13376,1.555,1.715,1.535
2026-02-27,13376,1.555,1.725,1.535
2026-02-28,13376,1.559,1.719,1.539
2026-03-01,13376,1.559,1.719,1.545
2026-03-02,13376,1.559,1.719,1.545
2026-03-03,13376,1.559,1.719,1.565
2026-03-04,13376,1.579,1.739,1.615
2026-03-05,13376,1.609,1.769,1.679
2026-03-06,13376,1.629,1.799,1.729
2026-03-07,13376,1.649,1.809,1.809
2026-03-08,13376,1.679,1.839,1.855
2026-03-09,13376,1.679,1.839,1.855
2026-03-10,13376,1.689,1.849,1.879
2026-03-11,13376,1.725,1.885,1.909
2026-03-12,13376,1.719,1.879,1.889
2026-03-13,13376,1.739,1.909,1.909
2026-03-14,13376,1.759,1.919,1.939
2026-03-15,13376,1.789,1.949,1.949
2026-03-16,13376,1.789,1.949,1.949
2026-03-17,13376,1.809,1.969,1.989
2026-03-18,13376,1.819,1.979,2.005
2026-03-19,13376,1.839,1.999,1.999
2026-03-20,13376,1.869,2.039,2.055
2026-03-21,13376,1.889,1.703,2.105
2026-03-22,13376,1.592,1.703,1.86
2026-02-21,13410,1.359,,1.329
2026-02-22,13410,1.359,,1.329
2026-02-23,13410,1.369,,1.349
2026-02-24,13410,1.369,,1.349
2026-02-25,13410,1.369,,1.349
2026-02-26,13410,1.369,,1.349
2026-02-27,13410,1.369,,1.349
2026-02-28,13410,1.369,,1.349
2026-03-01,13410,1.369,,1.349
2026-03-02,13410,1.469,,1.439
2026-03-03,13410,1.499,,1.499
2026-03-04,13410,1.499,,1.599
2026-03-05,13410,1.549,,1.649
2026-03-06,13410,1.549,,1.649
2026-03-07,13410,1.549,,1.649
2026-03-08,13410,1.549,,1.649
2026-03-09,13410,1.619,,1.799
2026-03-10,13410,1.619,,1.799
2026-03-11,13410,1.619,,1.769
2026-03-12,13410,1.649,,1.789
2026-03-13,13410,1.649,,1.789
2026-03-14,13410,1.649,,1.789
2026-03-15,13410,1.649,,1.789
2026-03-16,13410,1.679,,1.799
2026-03-17,13410,1.679,,1.799
2026-03-18,13410,1.709,,1.839
2026-03-19,13410,1.709,,1.839
2026-03-20,13410,1.709,,1.839
2026-03-21,13410,1.709,,1.839
2026-03-22,13410,1.554,,1.672
2026-02-21,13904,1.537,,1.548
2026-02-22,13904,1.537,,1.548
2026-02-23,13904,1.537,,1.548
2026-02-24,13904,1.524,,1.544
2026-02-25,13904,1.529,,1.549
2026-02-26,13904,1.535,,1.554
2026-02-27,13904,1.537,,1.554
2026-02-28,13904,1.537,,1.554
2026-03-01,13904,1.546,,1.564
2026-03-02,13904,1.554,,1.566
2026-03-03,13904,1.582,,1.575
2026-03-04,13904,1.582,,1.575
2026-03-05,13904,1.582,,1.575
2026-03-06,13904,1.628,,1.737
2026-03-07,13904,1.648,,1.797
2026-03-08,13904,1.678,,1.848
2026-03-09,13904,1.688,,1.868
2026-03-10,13904,1.708,,1.908
2026-03-11,13904,1.679,,1.879
2026-03-12,13904,1.679,,1.879
2026-03-13,13904,1.679,,1.879
2026-03-14,13904,1.679,,1.879
2026-03-15,13904,1.729,,1.929
2026-03-16,13904,1.729,,1.929
2026-03-17,13904,1.749,,1.949
2026-03-18,13904,1.779,,1.969
2026-03-19,13904,1.779,,1.969
2026-03-20,13904,1.799,,2.029
2026-03-21,13904,1.799,,2.029
2026-03-22,13904,1.799,,2.029
2026-02-21,14029,1.319,,1.239
2026-02-22,14029,1.329,,1.239
2026-02-23,14029,1.339,,1.257
2026-02-24,14029,1.339,,1.257
2026-02-25,14029,1.339,,1.257
2026-02-26,14029,1.339,,1.257
2026-02-27,14029,1.349,,1.267
2026-02-28,14029,1.349,,1.267
2026-03-01,14029,1.349,,1.267
2026-03-02,14029,1.369,,1.287
2026-03-03,14029,1.419,,1.339
2026-03-04,14029,1.429,,1.419
2026-03-05,14029,1.499,,1.501
2026-03-06,14029,1.599,,1.599
2026-03-07,14029,1.599,,1.669
2026-03-08,14029,1.599,,1.699
2026-03-09,14029,1.599,,1.699
2026-03-10,14029,1.599,,1.729
2026-03-11,14029,1.619,,1.759
2026-03-12,14029,1.619,,1.759
2026-03-13,14029,1.639,,1.789
2026-03-14,14029,1.659,,1.789
2026-03-15,14029,1.659,,1.789
2026-03-16,14029,1.669,,1.799
2026-03-17,14029,1.689,,1.809
2026-03-18,14029,1.699,,1.829
2026-03-19,14029,1.729,,1.839
2026-03-20,14029,1.759,,1.879
2026-03-21,14029,1.759,,1.889
2026-03-22,14029,1.759,,1.889
2026-02-21,14164,1.409,,1.389
2026-02-22,14164,1.409,,1.389
2026-02-23,14164,1.409,,1.389
2026-02-24,14164,1.409,,1.389
2026-02-25,14164,1.409,,1.389
2026-02-26,14164,1.419,,1.399
2026-02-27,14164,1.419,,1.399
2026-02-28,14164,1.419,,1.399
2026-03-01,14164,1.419,,1.399
2026-03-02,14164,1.479,,1.439
2026-03-03,14164,1.479,,1.499
2026-03-04,14164,1.479,,1.499
2026-03-05,14164,1.599,,1.599
2026-03-06,14164,1.649,,1.649
2026-03-07,14164,1.649,,1.649
2026-03-08,14164,1.649,,1.649
2026-03-09,14164,1.699,,1.749
2026-03-10,14164,1.739,,1.859
2026-03-11,14164,1.699,,1.799
2026-03-12,14164,1.699,,1.839
2026-03-13,14164,1.729,,1.869
2026-03-14,14164,1.729,,1.869
2026-03-15,14164,1.729,,1.869
2026-03-16,14164,1.729,,1.869
2026-03-17,14164,1.789,,1.929
2026-03-18,14164,1.789,,1.929
2026-03-19,14164,1.789,,1.929
2026-03-20,14164,1.819,,1.939
2026-03-21,14164,1.819,,1.939
2026-03-22,14164,1.819,,1.939
2026-02-21,14567,1.499,1.639,1.469
2026-02-22,14567,1.499,1.639,1.469
2026-02-23,14567,1.509,1.639,1.479
2026-02-24,14567,1.509,1.649,1.499
2026-02-25,14567,1.509,1.649,1.499
2026-02-26,14567,1.509,1.649,1.489
2026-02-27,14567,1.509,1.669,1.489
2026-02-28,14567,1.509,1.669,1.489
2026-03-01,14567,1.509,1.669,1.489
2026-03-02,14567,1.519,1.669,1.499
2026-03-03,14567,1.519,1.669,1.519
2026-03-04,14567,1.529,1.689,1.579
2026-03-05,14567,1.559,1.699,1.629
2026-03-06,14567,1.579,1.739,1.689
2026-03-07,14567,1.579,1.739,1.689
2026-03-08,14567,1.579,1.739,1.689
2026-03-09,14567,1.649,1.789,1.799
2026-03-10,14567,1.669,1.819,1.859
2026-03-11,14567,1.709,1.859,1.889
2026-03-12,14567,1.699,1.849,1.879
2026-03-13,14567,1.719,1.879,1.899
2026-03-14,14567,1.719,1.879,1.899
2026-03-15,14567,1.719,1.879,1.899
2026-03-16,14567,1.769,1.919,1.929
2026-03-17,14567,1.799,1.939,1.959
2026-03-18,14567,1.809,1.969,1.989
2026-03-19,14567,1.819,1.979,1.989
2026-03-20,14567,1.859,2.019,2.029
2026-03-21,14567,1.859,2.019,2.029
2026-03-22,14567,1.859,2.019,2.029
2026-02-21,14895,1.329,,1.239
2026-02-22,14895,1.329,,1.247
2026-02-23,14895,1.344,,1.254
2026-02-24,14895,1.339,,1.249
2026-02-25,14895,1.339,,1.257
2026-02-26,14895,1.339,,1.257
2026-02-27,14895,1.339,,1.257
2026-02-28,14895,1.339,,1.257
2026-03-01,14895,1.349,,1.267
2026-03-02,14895,1.349,,1.267
2026-03-03,14895,1.369,,1.287
2026-03-04,14895,1.519,,1.419
2026-03-05,14895,1.499,,1.569
2026-03-06,14895,1.599,,1.629
2026-03-07,14895,1.599,,1.649
2026-03-08,14895,1.589,,1.699
2026-03-09,14895,1.589,,1.699
2026-03-10,14895,1.599,,1.699
2026-03-11,14895,1.599,,1.699
2026-03-12,14895,1.639,,1.759
2026-03-13,14895,1.659,,1.789
2026-03-14,14895,1.659,,1.789
2026-03-15,14895,1.659,,1.789
2026-03-16,14895,1.689,,1.799
2026-03-17,14895,1.699,,1.799
2026-03-18,14895,1.729,,1.829
2026-03-19,14895,1.729,,1.849
2026-03-20,14895,1.729,,1.839
2026-03-21,14895,1.729,,1.839
2026-03-22,14895,1.599,,1.699
2026-02-21,15071,1.519,1.665,1.5
2026-02-22,15071,1.517,1.664,1.497
2026-02-23,15071,1.519,1.665,1.499
2026-02-24,15071,1.519,1.665,1.499
2026-02-25,15071,1.519,1.669,1.499
2026-02-26,15071,1.519,1.669,1.499
2026-02-27,15071,1.529,1.682,1.519
2026-02-28,15071,1.549,1.699,1.529
2026-03-01,15071,1.549,1.699,1.529
2026-03-02,15071,1.549,1.699,1.529
2026-03-03,15071,1.549,1.699,1.529
2026-03-04,15071,1.597,1.741,1.606
2026-03-05,15071,1.607,1.751,1.656
2026-03-06,15071,1.628,1.771,1.717
2026-03-07,15071,1.648,1.791,1.777
2026-03-08,15071,1.678,1.821,1.828
2026-03-09,15071,1.688,1.831,1.848
2026-03-10,15071,1.708,1.851,1.888
2026-03-11,15071,1.679,1.839,1.859
2026-03-12,15071,1.679,1.839,1.859
2026-03-13,15071,1.689,1.849,1.879
2026-03-14,15071,1.719,1.879,1.909
2026-03-15,15071,1.729,1.889,1.909
2026-03-16,15071,1.739,1.899,1.909
2026-03-17,15071,1.749,1.909,1.929
2026-03-18,15071,1.779,1.929,1.949
2026-03-19,15071,1.779,1.929,1.949
2026-03-20,15071,1.799,1.949,2.009
2026-03-21,15071,1.799,1.949,2.009
2026-03-22,15071,1.538,1.64,1.8
2026-02-21,15658,1.53,1.639,1.498
2026-02-22,15658,1.537,1.638,1.506
2026-02-23,15658,1.527,1.639,1.496
2026-02-24,15658,1.517,1.639,1.496
2026-02-25,15658,1.522,1.649,1.501
2026-02-26,15658,1.527,1.655,1.509
2026-02-27,15658,1.529,1.672,1.509
2026-02-28,15658,1.545,1.679,1.524
2026-03-01,15658,1.558,1.685,1.524
2026-03-02,15658,1.559,1.689,1.559
2026-03-03,15658,1.582,1.716,1.555
2026-03-04,15658,1.597,1.731,1.606
2026-03-05,15658,1.607,1.741,1.656
2026-03-06,15658,1.628,1.761,1.717
2026-03-07,15658,1.648,1.781,1.777
2026-03-08,15658,1.678,1.811,1.828
2026-03-09,15658,1.688,1.821,1.848
2026-03-10,15658,1.708,1.841,1.888
2026-03-11,15658,1.679,1.839,1.879
2026-03-12,15658,1.679,1.839,1.879
2026-03-13,15658,1.689,1.849,1.899
2026-03-14,15658,1.719,1.879,1.929
2026-03-15,15658,1.729,1.889,1.929
2026-03-16,15658,1.739,1.899,1.929
2026-03-17,15658,1.749,1.909,1.949
2026-03-18,15658,1.779,1.929,1.969
2026-03-19,15658,1.779,1.929,1.969
2026-03-20,15658,1.799,1.949,2.029
2026-03-21,15658,1.829,1.64,2.059
2026-03-22,15658,1.538,1.64,1.818
2026-02-21,15819,1.319,,1.237
2026-02-22,15819,1.339,,1.257
2026-02-23,15819,1.339,,1.249
2026-02-24,15819,1.339,,1.249
2026-02-25,15819,1.369,,1.279
2026-02-26,15819,1.339,,1.257
2026-02-27,15819,1.339,,1.257
2026-02-28,15819,1.339,,1.257
2026-03-01,15819,1.369,,1.287
2026-03-02,15819,1.379,,1.297
2026-03-03,15819,1.429,,1.347
2026-03-04,15819,1.469,,1.429
2026-03-05,15819,1.519,,1.549
2026-03-06,15819,1.599,,1.629
2026-03-07,15819,1.599,,1.649
2026-03-08,15819,1.589,,1.689
2026-03-09,15819,1.589,,1.699
2026-03-10,15819,1.589,,1.699
2026-03-11,15819,1.629,,1.729
2026-03-12,15819,1.619,,1.729
2026-03-13,15819,1.659,,1.789
2026-03-14,15819,1.659,,1.789
2026-03-15,15819,1.659,,1.789
2026-03-16,15819,1.669,,1.799
2026-03-17,15819,1.719,,1.829
2026-03-18,15819,1.729,,1.829
2026-03-19,15819,1.779,,1.879
2026-03-20,15819,1.779,,1.889
2026-03-21,15819,1.779,,1.889
2026-03-22,15819,1.479,,1.699
2026-02-21,16096,1.499,,1.469
2026-02-22,16096,1.499,,1.469
2026-02-23,16096,1.499,,1.469
2026-02-24,16096,1.499,,1.469
2026-02-25,16096,1.499,,1.469
2026-02-26,16096,1.499,,1.469
2026-02-27,16096,1.499,,1.469
2026-02-28,16096,1.499,,1.469
2026-03-01,16096,1.499,,1.469
2026-03-02,16096,1.519,,1.489
2026-03-03,16096,1.519,,1.489
2026-03-04,16096,1.579,,1.559
2026-03-05,16096,1.639,,1.659
2026-03-06,16096,1.639,,1.659
2026-03-07,16096,1.679,,1.799
2026-03-08,16096,1.679,,1.799
2026-03-09,16096,1.689,,1.839
2026-03-10,16096,1.698,,1.898
2026-03-11,16096,1.698,,1.898
2026-03-12,16096,1.708,,1.928
2026-03-13,16096,1.708,,1.928
2026-03-14,16096,1.708,,1.928
2026-03-15,16096,1.708,,1.928
2026-03-16,16096,1.758,,1.948
2026-03-17,16096,1.758,,1.948
2026-03-18,16096,1.778,,1.968
2026-03-19,16096,1.798,,1.988
2026-03-20,16096,1.818,,2.018
2026-03-21,16096,1.818,,2.018
2026-03-22,16096,1.818,,2.018
2026-02-21,4740,1.539,1.689,1.489
2026-02-22,4740,1.539,1.689,1.489
2026-02-23,4740,1.539,1.689,1.489
2026-02-24,4740,1.559,1.709,1.509
2026-02-25,4740,1.559,1.709,1.509
2026-02-26,4740,1.559,1.709,1.509
2026-02-27,4740,1.559,1.709,1.509
2026-02-28,4740,1.559,1.709,1.509
2026-03-01,4740,1.559,1.709,1.509
2026-03-02,4740,1.569,1.719,1.519
2026-03-03,4740,1.569,1.719,1.519
2026-03-04,4740,1.599,1.749,1.559
2026-03-05,4740,1.609,1.749,1.639
2026-03-06,4740,1.619,1.759,1.699
2026-03-07,4740,1.649,1.799,1.799
2026-03-08,4740,1.649,1.799,1.799
2026-03-09,4740,1.649,1.799,1.799
2026-03-10,4740,1.699,1.849,1.899
2026-03-11,4740,1.699,1.849,1.899
2026-03-12,4740,1.699,1.849,1.849
2026-03-13,4740,1.699,1.849,1.859
2026-03-14,4740,1.719,1.879,1.899
2026-03-15,4740,1.719,1.879,1.899
2026-03-16,4740,1.739,1.889,1.909
2026-03-17,4740,1.739,1.889,1.909
2026-03-18,4740,1.739,1.889,1.909
2026-03-19,4740,1.799,1.949,1.959
2026-03-20,4740,1.819,1.969,1.989
2026-03-21,4740,1.839,1.989,2.059
2026-03-22,4740,1.839,1.989,2.059
2026-02-21,4742,1.518,1.618,1.508
2026-02-22,4742,1.518,1.618,1.508
2026-02-23,4742,1.538,1.638,1.508
2026-02-24,4742,1.538,1.638,1.508
2026-02-25,4742,1.538,1.638,1.508
2026-02-26,4742,1.538,1.638,1.508
2026-02-27,4742,1.548,1.648,1.518
2026-02-28,4742,1.548,1.648,1.518
2026-03-01,4742,1.548,1.648,1.518
2026-03-02,4742,1.548,1.648,1.518
2026-03-03,4742,1.598,1.698,1.568
2026-03-04,4742,1.578,1.678,1.618
2026-03-05,4742,1.578,1.678,1.618
2026-03-06,4742,1.578,1.678,1.618
2026-03-07,4742,1.658,1.758,1.808
2026-03-08,4742,1.678,1.778,1.854
2026-03-09,4742,1.678,1.778,1.854
2026-03-10,4742,1.688,1.788,1.888
2026-03-11,4742,1.718,1.818,1.908
2026-03-12,4742,1.718,1.818,1.889
2026-03-13,4742,1.718,1.818,1.889
2026-03-14,4742,1.718,1.818,1.889
2026-03-15,4742,1.718,1.818,1.889
2026-03-16,4742,1.759,1.859,1.939
2026-03-17,4742,1.808,1.908,1.978
2026-03-18,4742,1.818,1.918,1.998
2026-03-19,4742,1.838,1.938,1.998
2026-03-20,4742,1.868,1.968,2.058
2026-03-21,4742,1.868,1.968,2.058
2026-03-22,4742,1.592,1.692,1.863
2026-02-21,4752,1.409,,1.379
2026-02-22,4752,1.409,,1.379
2026-02-23,4752,1.409,,1.379
2026-02-24,4752,1.409,,1.379
2026-02-25,4752,1.409,,1.379
2026-02-26,4752,1.409,,1.379
2026-02-27,4752,1.409,,1.379
2026-02-28,4752,1.409,,1.379
2026-03-01,4752,1.409,,1.379
2026-03-02,4752,1.409,,1.379
2026-03-03,4752,1.509,,1.489
2026-03-04,4752,1.549,,1.529
2026-03-05,4752,1.549,,1.529
2026-03-06,4752,1.569,,1.599
2026-03-07,4752,1.589,,1.699
2026-03-08,4752,1.589,,1.699
2026-03-09,4752,1.599,,1.759
2026-03-10,4752,1.619,,1.789
2026-03-11,4752,1.619,,1.789
2026-03-12,4752,1.629,,1.829
2026-03-13,4752,1.629,,1.829
2026-03-14,4752,1.629,,1.829
2026-03-15,4752,1.629,,1.829
2026-03-16,4752,1.649,,1.849
2026-03-17,4752,1.679,,1.869
2026-03-18,4752,1.709,,1.889
2026-03-19,4752,1.729,,1.899
2026-03-20,4752,1.749,,1.929
2026-03-21,4752,1.749,,1.929
2026-03-22,4752,1.749,,1.929
2026-02-21,4909,1.489,,1.469
2026-02-22,4909,1.489,,1.469
2026-02-23,4909,1.509,,1.489
2026-02-24,4909,1.509,,1.489
2026-02-25,4909,1.509,,1.489
2026-02-26,4909,1.509,,1.489
2026-02-27,4909,1.509,,1.489
2026-02-28,4909,1.509,,1.489
2026-03-01,4909,1.509,,1.489
2026-03-02,4909,1.509,,1.489
2026-03-03,4909,1.509,,1.489
2026-03-04,4909,1.549,,1.579
2026-03-05,4909,1.549,,1.579
2026-03-06,4909,1.549,,1.579
2026-03-07,4909,1.549,,1.579
2026-03-08,4909,1.549,,1.579
2026-03-09,4909,1.649,,1.819
2026-03-10,4909,1.679,,1.869
2026-03-11,4909,1.719,,1.889
2026-03-12,4909,1.719,,1.889
2026-03-13,4909,1.719,,1.889
2026-03-14,4909,1.719,,1.889
2026-03-15,4909,1.719,,1.889
2026-03-16,4909,1.719,,1.889
2026-03-17,4909,1.719,,1.889
2026-03-18,4909,1.819,,1.999
2026-03-19,4909,1.819,,1.999
2026-03-20,4909,1.819,,1.999
2026-03-21,4909,1.819,,1.999
2026-03-22,4909,1.819,,1.999
2026-02-21,4917,1.51,,1.47
2026-02-22,4917,1.51,,1.47
2026-02-23,4917,1.55,,1.5
2026-02-24,4917,1.55,,1.5
2026-02-25,4917,1.55,,1.5
2026-02-26,4917,1.55,,1.5
2026-02-27,4917,1.55,,1.5
2026-02-28,4917,1.55,,1.5
2026-03-01,4917,1.55,,1.5
2026-03-02,4917,1.55,,1.5
2026-03-03,4917,1.55,,1.5
2026-03-04,4917,1.59,,1.5
2026-03-05,4917,1.66,,1.63
2026-03-06,4917,1.66,,1.69
2026-03-07,4917,1.66,,1.69
2026-03-08,4917,1.66,,1.69
2026-03-09,4917,1.69,,1.81
2026-03-10,4917,1.71,,1.87
2026-03-11,4917,1.71,,1.87
2026-03-12,4917,1.71,,1.87
2026-03-13,4917,1.7,,1.86
2026-03-14,4917,1.7,,1.86
2026-03-15,4917,1.7,,1.86
2026-03-16,4917,1.7,,1.89
2026-03-17,4917,1.71,,1.91
2026-03-18,4917,1.79,,1.93
2026-03-19,4917,1.79,,1.93
2026-03-20,4917,1.79,,1.96
2026-03-21,4917,1.79,,1.96
2026-03-22,4917,1.79,,1.96
2026-02-21,4953,1.515,,1.465
2026-02-22,4953,1.515,,1.465
2026-02-23,4953,1.519,,1.469
2026-02-24,4953,1.519,,1.485
2026-02-25,4953,1.525,,1.485
2026-02-26,4953,1.525,,1.485
2026-02-27,4953,1.525,,1.485
2026-02-28,4953,1.525,,1.485
2026-03-01,4953,1.525,,1.485
2026-03-02,4953,1.529,,1.495
2026-03-03,4953,1.529,,1.515
2026-03-04,4953,1.549,,1.569
2026-03-05,4953,1.579,,1.629
2026-03-06,4953,1.599,,1.675
2026-03-07,4953,1.599,,1.675
2026-03-08,4953,1.599,,1.675
2026-03-09,4953,1.649,,1.805
2026-03-10,4953,1.659,,1.839
2026-03-11,4953,1.689,,1.859
2026-03-12,4953,1.689,,1.839
2026-03-13,4953,1.709,,1.859
2026-03-14,4953,1.709,,1.859
2026-03-15,4953,1.709,,1.859
2026-03-16,4953,1.759,,1.899
2026-03-17,4953,1.779,,1.929
2026-03-18,4953,1.789,,1.949
2026-03-19,4953,1.809,,1.955
2026-03-20,4953,1.839,,2.009
2026-03-21,4953,1.839,,2.009
2026-03-22,4953,1.839,,2.009
2026-02-21,6079,1.439,1.559,1.419
2026-02-22,6079,1.439,1.559,1.419
2026-02-23,6079,1.459,1.599,1.439
2026-02-24,6079,1.449,1.599,1.429
2026-02-25,6079,1.459,1.609,1.439
2026-02-26,6079,1.459,1.609,1.439
2026-02-27,6079,1.459,1.609,1.439
2026-02-28,6079,1.459,1.609,1.439
2026-03-01,6079,1.459,1.609,1.439
2026-03-02,6079,1.459,1.609,1.449
2026-03-03,6079,1.469,1.649,1.459
2026-03-04,6079,1.519,1.689,1.549
2026-03-05,6079,1.549,1.719,1.609
2026-03-06,6079,1.539,1.739,1.599
2026-03-07,6079,1.599,1.779,1.729
2026-03-08,6079,1.599,1.779,1.729
2026-03-09,6079,1.639,1.779,1.769
2026-03-10,6079,1.629,1.759,1.799
2026-03-11,6079,1.669,1.779,1.839
2026-03-12,6079,1.659,1.779,1.799
2026-03-13,6079,1.659,1.779,1.789
2026-03-14,6079,1.659,1.779,1.789
2026-03-15,6079,1.659,1.779,1.789
2026-03-16,6079,1.719,1.799,1.859
2026-03-17,6079,1.719,1.799,1.859
2026-03-18,6079,1.719,1.799,1.859
2026-03-19,6079,1.719,1.879,1.889
2026-03-20,6079,1.759,1.879,1.889
2026-03-21,6079,1.779,1.567,1.939
2026-03-22,6079,1.492,1.567,1.709
2026-02-21,6087,1.379,1.519,1.297
2026-02-22,6087,1.379,1.519,1.297
2026-02-23,6087,1.399,1.539,1.309
2026-02-24,6087,1.399,1.539,1.309
2026-02-25,6087,1.399,1.539,1.309
2026-02-26,6087,1.399,1.539,1.317
2026-02-27,6087,1.399,1.539,1.317
2026-02-28,6087,1.399,1.539,1.317
2026-03-01,6087,1.399,1.539,1.317
2026-03-02,6087,1.429,1.569,1.347
2026-03-03,6087,1.459,1.599,1.377
2026-03-04,6087,1.489,1.629,1.475
2026-03-05,6087,1.559,1.699,1.519
2026-03-06,6087,1.589,1.729,1.639
2026-03-07,6087,1.659,1.799,1.709
2026-03-08,6087,1.649,1.789,1.749
2026-03-09,6087,1.649,1.789,1.759
2026-03-10,6087,1.649,1.789,1.759
2026-03-11,6087,1.649,1.789,1.759
2026-03-12,6087,1.679,1.819,1.789
2026-03-13,6087,1.679,1.819,1.789
2026-03-14,6087,1.719,1.859,1.849
2026-03-15,6087,1.719,1.859,1.849
2026-03-16,6087,1.729,1.869,1.859
2026-03-17,6087,1.749,1.889,1.859
2026-03-18,6087,1.789,1.929,1.889
2026-03-19,6087,1.789,1.929,1.889
2026-03-20,6087,1.789,1.929,1.939
2026-03-21,6087,1.789,1.929,1.939
2026-03-22,6087,1.654,1.794,1.939
2026-02-21,6161,1.329,,1.239
2026-02-22,6161,1.329,,1.247
2026-02-23,6161,1.344,,1.254
2026-02-24,6161,1.339,,1.249
2026-02-25,6161,1.339,,1.257
2026-02-26,6161,1.339,,1.257
2026-02-27,6161,1.339,,1.257
2026-02-28,6161,1.339,,1.257
2026-03-01,6161,1.349,,1.267
2026-03-02,6161,1.349,,1.267
2026-03-03,6161,1.369,,1.287
2026-03-04,6161,1.519,,1.469
2026-03-05,6161,1.519,,1.569
2026-03-06,6161,1.599,,1.629
2026-03-07,6161,1.599,,1.649
2026-03-08,6161,1.589,,1.699
2026-03-09,6161,1.589,,1.699
2026-03-10,6161,1.599,,1.699
2026-03-11,6161,1.599,,1.699
2026-03-12,6161,1.639,,1.759
2026-03-13,6161,1.659,,1.789
2026-03-14,6161,1.659,,1.789
2026-03-15,6161,1.659,,1.789
2026-03-16,6161,1.689,,1.799
2026-03-17,6161,1.729,,1.829
2026-03-18,6161,1.729,,1.829
2026-03-19,6161,1.729,,1.849
2026-03-20,6161,1.729,,1.839
2026-03-21,6161,1.729,,1.839
2026-03-22,6161,1.599,,1.699
2026-02-21,6182,1.545,1.655,1.515
2026-02-22,6182,1.545,1.655,1.515
2026-02-23,6182,1.545,1.655,1.515
2026-02-24,6182,1.539,1.659,1.529
2026-02-25,6182,1.539,1.659,1.529
2026-02-26,6182,1.539,1.659,1.529
2026-02-27,6182,1.545,1.675,1.525
2026-02-28,6182,1.549,1.669,1.529
2026-03-01,6182,1.555,1.675,1.535
2026-03-02,6182,1.555,1.675,1.535
2026-03-03,6182,1.555,1.695,1.559
2026-03-04,6182,1.569,1.709,1.615
2026-03-05,6182,1.595,1.735,1.675
2026-03-06,6182,1.609,1.759,1.725
2026-03-07,6182,1.635,1.775,1.805
2026-03-08,6182,1.645,1.785,1.845
2026-03-09,6182,1.645,1.785,1.845
2026-03-10,6182,1.645,1.805,1.879
2026-03-11,6182,1.689,1.849,1.889
2026-03-12,6182,1.675,1.835,1.855
2026-03-13,6182,1.695,1.865,1.879
2026-03-14,6182,1.715,1.875,1.905
2026-03-15,6182,1.745,1.905,1.905
2026-03-16,6182,1.745,1.905,1.905
2026-03-17,6182,1.765,1.925,1.945
2026-03-18,6182,1.785,1.945,1.965
2026-03-19,6182,1.799,1.959,1.975
2026-03-20,6182,1.835,2.005,2.029
2026-03-21,6182,1.855,1.672,2.079
2026-03-22,6182,1.561,1.672,1.836
2026-02-21,6183,1.525,1.635,1.485
2026-02-22,6183,1.525,1.635,1.489
2026-02-23,6183,1.525,1.635,1.489
2026-02-24,6183,1.515,1.635,1.495
2026-02-25,6183,1.525,1.645,1.499
2026-02-26,6183,1.519,1.639,1.505
2026-02-27,6183,1.525,1.655,1.505
2026-02-28,6183,1.525,1.645,1.509
2026-03-01,6183,1.529,1.649,1.515
2026-03-02,6183,1.529,1.649,1.515
2026-03-03,6183,1.529,1.669,1.535
2026-03-04,6183,1.549,1.689,1.585
2026-03-05,6183,1.589,1.729,1.649
2026-03-06,6183,1.615,1.765,1.689
2026-03-07,6183,1.635,1.775,1.769
2026-03-08,6183,1.645,1.785,1.815
2026-03-09,6183,1.645,1.785,1.815
2026-03-10,6183,1.645,1.805,1.845
2026-03-11,6183,1.689,1.849,1.865
2026-03-12,6183,1.679,1.839,1.845
2026-03-13,6183,1.695,1.865,1.865
2026-03-14,6183,1.719,1.879,1.899
2026-03-15,6183,1.745,1.905,1.905
2026-03-16,6183,1.745,1.905,1.905
2026-03-17,6183,1.769,1.929,1.945
2026-03-18,6183,1.785,1.945,1.965
2026-03-19,6183,1.795,1.955,1.959
2026-03-20,6183,1.825,1.995,2.015
2026-03-21,6183,1.845,1.663,2.065
2026-03-22,6183,1.552,1.663,1.823
2026-02-21,6191,1.509,,1.469
2026-02-22,6191,1.509,,1.469
2026-02-23,6191,1.509,,1.469
2026-02-24,6191,1.509,,1.469
2026-02-25,6191,1.509,,1.469
2026-02-26,6191,1.509,,1.469
2026-02-27,6191,1.519,,1.509
2026-02-28,6191,1.519,,1.509
2026-03-01,6191,1.519,,1.509
2026-03-02,6191,1.519,,1.509
2026-03-03,6191,1.519,,1.509
2026-03-04,6191,1.519,,1.509
2026-03-05,6191,1.599,,1.679
2026-03-06,6191,1.609,,1.729
2026-03-07,6191,1.609,,1.729
2026-03-08,6191,1.609,,1.729
2026-03-09,6191,1.645,,1.845
2026-03-10,6191,1.645,,1.879
2026-03-11,6191,1.645,,1.879
2026-03-12,6191,1.689,,1.879
2026-03-13,6191,1.689,,1.879
2026-03-14,6191,1.689,,1.879
2026-03-15,6191,1.689,,1.879
2026-03-16,6191,1.689,,1.879
2026-03-17,6191,1.769,,1.949
2026-03-18,6191,1.769,,1.949
2026-03-19,6191,1.769,,1.949
2026-03-20,6191,1.839,,2.029
2026-03-21,6191,1.839,,2.029
2026-03-22,6191,1.839,,2.029
2026-02-21,6202,1.515,1.655,1.479
2026-02-22,6202,1.515,1.655,1.479
2026-02-23,6202,1.515,1.655,1.479
2026-02-24,6202,1.509,1.649,1.499
2026-02-25,6202,1.525,1.665,1.495
2026-02-26,6202,1.525,1.665,1.495
2026-02-27,6202,1.525,1.675,1.499
2026-02-28,6202,1.525,1.665,1.505
2026-03-01,6202,1.529,1.669,1.505
2026-03-02,6202,1.529,1.669,1.505
2026-03-03,6202,1.525,1.665,1.529
2026-03-04,6202,1.545,1.685,1.579
2026-03-05,6202,1.569,1.709,1.639
2026-03-06,6202,1.585,1.735,1.695
2026-03-07,6202,1.625,1.765,1.775
2026-03-08,6202,1.655,1.795,1.815
2026-03-09,6202,1.655,1.795,1.815
2026-03-10,6202,1.675,1.805,1.845
2026-03-11,6202,1.705,1.835,1.869
2026-03-12,6202,1.695,1.825,1.849
2026-03-13,6202,1.735,1.875,1.875
2026-03-14,6202,1.739,1.869,1.909
2026-03-15,6202,1.769,1.899,1.919
2026-03-16,6202,1.769,1.899,1.919
2026-03-17,6202,1.785,1.935,1.955
2026-03-18,6202,1.805,1.955,1.975
2026-03-19,6202,1.829,1.979,1.979
2026-03-20,6202,1.865,2.025,2.035
2026-03-21,6202,1.885,1.691,2.085
2026-03-22,6202,1.588,1.691,1.842
2026-02-21,6203,1.499,1.639,1.469
2026-02-22,6203,1.499,1.639,1.469
2026-02-23,6203,1.509,1.639,1.479
2026-02-24,6203,1.509,1.649,1.499
2026-02-25,6203,1.509,1.649,1.499
2026-02-26,6203,1.509,1.649,1.489
2026-02-27,6203,1.509,1.669,1.489
2026-02-28,6203,1.509,1.669,1.489
2026-03-01,6203,1.509,1.669,1.489
2026-03-02,6203,1.519,1.669,1.499
2026-03-03,6203,1.519,1.669,1.519
2026-03-04,6203,1.529,1.689,1.579
2026-03-05,6203,1.559,1.699,1.629
2026-03-06,6203,1.579,1.739,1.689
2026-03-07,6203,1.579,1.739,1.689
2026-03-08,6203,1.579,1.739,1.689
2026-03-09,6203,1.649,1.789,1.799
2026-03-10,6203,1.669,1.819,1.859
2026-03-11,6203,1.709,1.859,1.889
2026-03-12,6203,1.699,1.849,1.879
2026-03-13,6203,1.719,1.879,1.899
2026-03-14,6203,1.719,1.879,1.899
2026-03-15,6203,1.719,1.879,1.899
2026-03-16,6203,1.769,1.919,1.929
2026-03-17,6203,1.799,1.939,1.959
2026-03-18,6203,1.809,1.969,1.989
2026-03-19,6203,1.819,1.979,1.989
2026-03-20,6203,1.859,2.019,2.029
2026-03-21,6203,1.859,2.019,2.029
2026-03-22,6203,1.859,2.019,2.029
2026-02-21,6241,1.505,,1.475
2026-02-22,6241,1.505,,1.475
2026-02-23,6241,1.505,,1.475
2026-02-24,6241,1.505,,1.499
2026-02-25,6241,1.509,,1.489
2026-02-26,6241,1.509,,1.489
2026-02-27,6241,1.509,,1.489
2026-02-28,6241,1.515,,1.495
2026-03-01,6241,1.515,,1.499
2026-03-02,6241,1.515,,1.499
2026-03-03,6241,1.515,,1.519
2026-03-04,6241,1.535,,1.575
2026-03-05,6241,1.565,,1.635
2026-03-06,6241,1.595,,1.695
2026-03-07,6241,1.635,,1.775
2026-03-08,6241,1.645,,1.825
2026-03-09,6241,1.645,,1.825
2026-03-10,6241,1.665,,1.865
2026-03-11,6241,1.699,,1.895
2026-03-12,6241,1.699,,1.879
2026-03-13,6241,1.735,,1.905
2026-03-14,6241,1.759,,1.929
2026-03-15,6241,1.785,,1.945
2026-03-16,6241,1.785,,1.945
2026-03-17,6241,1.805,,1.985
2026-03-18,6241,1.819,,2.005
2026-03-19,6241,1.825,,1.999
2026-03-20,6241,1.859,,2.055
2026-03-21,6241,1.879,,2.105
2026-03-22,6241,1.583,,1.86
2026-02-21,6256,1.519,1.629,1.499
2026-02-22,6256,1.519,1.629,1.499
2026-02-23,6256,1.519,1.629,1.499
2026-02-24,6256,1.549,1.679,1.519
2026-02-25,6256,1.549,1.679,1.529
2026-02-26,6256,1.549,1.679,1.529
2026-02-27,6256,1.549,1.679,1.529
2026-02-28,6256,1.549,1.679,1.529
2026-03-01,6256,1.549,1.679,1.529
2026-03-02,6256,1.549,1.679,1.529
2026-03-03,6256,1.569,1.699,1.549
2026-03-04,6256,1.619,1.759,1.649
2026-03-05,6256,1.619,1.759,1.649
2026-03-06,6256,1.659,1.799,1.739
2026-03-07,6256,1.659,1.799,1.739
2026-03-08,6256,1.689,1.839,1.839
2026-03-09,6256,1.689,1.839,1.839
2026-03-10,6256,1.699,1.849,1.879
2026-03-11,6256,1.729,1.879,1.899
2026-03-12,6256,1.729,1.879,1.899
2026-03-13,6256,1.739,1.889,1.899
2026-03-14,6256,1.759,1.899,1.929
2026-03-15,6256,1.789,1.929,1.949
2026-03-16,6256,1.789,1.929,1.949
2026-03-17,6256,1.799,1.949,1.979
2026-03-18,6256,1.799,1.949,1.999
2026-03-19,6256,1.799,1.949,1.999
2026-03-20,6256,1.869,2.029,2.049
2026-03-21,6256,1.889,2.039,2.099
2026-03-22,6256,1.889,2.039,2.099
2026-02-21,6292,1.519,1.629,1.499
2026-02-22,6292,1.519,1.629,1.499
2026-02-23,6292,1.519,1.629,1.499
2026-02-24,6292,1.519,1.629,1.499
2026-02-25,6292,1.549,1.679,1.529
2026-02-26,6292,1.549,1.679,1.529
2026-02-27,6292,1.549,1.679,1.529
2026-02-28,6292,1.549,1.679,1.529
2026-03-01,6292,1.549,1.679,1.529
2026-03-02,6292,1.549,1.679,1.529
2026-03-03,6292,1.549,1.699,1.549
2026-03-04,6292,1.569,1.719,1.589
2026-03-05,6292,1.639,1.779,1.689
2026-03-06,6292,1.659,1.799,1.739
2026-03-07,6292,1.659,1.799,1.739
2026-03-08,6292,1.659,1.799,1.739
2026-03-09,6292,1.689,1.839,1.839
2026-03-10,6292,1.699,1.849,1.869
2026-03-11,6292,1.729,1.879,1.899
2026-03-12,6292,1.719,1.869,1.889
2026-03-13,6292,1.739,1.889,1.899
2026-03-14,6292,1.739,1.889,1.899
2026-03-15,6292,1.739,1.889,1.899
2026-03-16,6292,1.789,1.929,1.949
2026-03-17,6292,1.799,1.949,1.979
2026-03-18,6292,1.799,1.949,1.999
2026-03-19,6292,1.799,1.949,1.999
2026-03-20,6292,1.869,2.029,2.049
2026-03-21,6292,1.869,2.029,2.049
2026-03-22,6292,1.869,2.029,2.049
2026-02-21,6294,1.515,1.645,1.485
2026-02-22,6294,1.515,1.645,1.479
2026-02-23,6294,1.515,1.645,1.479
2026-02-24,6294,1.515,1.645,1.499
2026-02-25,6294,1.525,1.655,1.499
2026-02-26,6294,1.519,1.649,1.509
2026-02-27,6294,1.525,1.665,1.509
2026-02-28,6294,1.525,1.655,1.509
2026-03-01,6294,1.525,1.655,1.515
2026-03-02,6294,1.525,1.655,1.515
2026-03-03,6294,1.525,1.665,1.539
2026-03-04,6294,1.545,1.685,1.589
2026-03-05,6294,1.575,1.715,1.649
2026-03-06,6294,1.595,1.745,1.709
2026-03-07,6294,1.619,1.759,1.789
2026-03-08,6294,1.649,1.789,1.825
2026-03-09,6294,1.649,1.789,1.825
2026-03-10,6294,1.669,1.819,1.859
2026-03-11,6294,1.719,1.869,1.889
2026-03-12,6294,1.705,1.855,1.865
2026-03-13,6294,1.725,1.885,1.889
2026-03-14,6294,1.749,1.899,1.919
2026-03-15,6294,1.779,1.929,1.939
2026-03-16,6294,1.779,1.929,1.939
2026-03-17,6294,1.795,1.955,1.975
2026-03-18,6294,1.805,1.965,1.995
2026-03-19,6294,1.829,1.989,1.989
2026-03-20,6294,1.859,2.029,2.045
2026-03-21,6294,1.879,1.694,2.095
2026-03-22,6294,1.583,1.694,1.851
2026-02-21,6295,1.515,1.645,1.475
2026-02-22,6295,1.515,1.645,1.485
2026-02-23,6295,1.515,1.645,1.485
2026-02-24,6295,1.509,1.639,1.499
2026-02-25,6295,1.515,1.645,1.499
2026-02-26,6295,1.515,1.645,1.505
2026-02-27,6295,1.515,1.655,1.499
2026-02-28,6295,1.525,1.655,1.509
2026-03-01,6295,1.525,1.655,1.509
2026-03-02,6295,1.525,1.655,1.509
2026-03-03,6295,1.519,1.659,1.529
2026-03-04,6295,1.539,1.679,1.579
2026-03-05,6295,1.569,1.709,1.639
2026-03-06,6295,1.589,1.739,1.699
2026-03-07,6295,1.619,1.759,1.779
2026-03-08,6295,1.649,1.789,1.819
2026-03-09,6295,1.649,1.789,1.819
2026-03-10,6295,1.669,1.809,1.859
2026-03-11,6295,1.715,1.855,1.889
2026-03-12,6295,1.715,1.855,1.869
2026-03-13,6295,1.735,1.885,1.895
2026-03-14,6295,1.759,1.899,1.929
2026-03-15,6295,1.785,1.925,1.939
2026-03-16,6295,1.785,1.925,1.939
2026-03-17,6295,1.785,1.935,1.975
2026-03-18,6295,1.799,1.949,1.989
2026-03-19,6295,1.819,1.969,1.989
2026-03-20,6295,1.855,2.015,2.045
2026-03-21,6295,1.875,1.681,2.095
2026-03-22,6295,1.579,1.681,1.851
2026-02-24,6296,1.515,1.665,1.499
2026-02-25,6296,1.509,1.659,1.489
2026-02-26,6296,1.509,1.659,1.489
2026-02-27,6296,1.509,1.669,1.489
2026-02-28,6296,1.515,1.665,1.495
2026-03-01,6296,1.515,1.665,1.499
2026-03-02,6296,1.515,1.665,1.499
2026-03-03,6296,1.515,1.655,1.519
2026-03-04,6296,1.535,1.675,1.575
2026-03-05,6296,1.565,1.705,1.635
2026-03-06,6296,1.585,1.735,1.695
2026-03-07,6296,1.625,1.765,1.775
2026-03-08,6296,1.655,1.795,1.819
2026-03-09,6296,1.655,1.795,1.819
2026-03-10,6296,1.675,1.815,1.859
2026-03-11,6296,1.719,1.859,1.889
2026-03-12,6296,1.705,1.845,1.879
2026-03-13,6296,1.735,1.885,1.905
2026-03-14,6296,1.759,1.899,1.929
2026-03-15,6296,1.785,1.925,1.945
2026-03-16,6296,1.785,1.925,1.945
2026-03-17,6296,1.799,1.949,1.985
2026-03-18,6296,1.819,1.969,2.005
2026-03-19,6296,1.829,1.979,1.999
2026-03-20,6296,1.865,2.025,2.055
2026-03-21,6296,1.885,1.691,2.105
2026-03-22,6296,1.588,1.691,1.86
2026-02-21,6306,1.509,1.679,1.479
2026-02-22,6306,1.509,1.679,1.479
2026-02-23,6306,1.509,1.679,1.479
2026-02-24,6306,1.519,1.679,1.489
2026-02-25,6306,1.529,1.689,1.499
2026-02-26,6306,1.529,1.689,1.499
2026-02-27,6306,1.529,1.699,1.499
2026-02-28,6306,1.529,1.699,1.499
2026-03-01,6306,1.529,1.699,1.499
2026-03-02,6306,1.529,1.699,1.499
2026-03-03,6306,1.529,1.699,1.519
2026-03-04,6306,1.549,1.719,1.549
2026-03-05,6306,1.599,1.769,1.619
2026-03-06,6306,1.599,1.779,1.649
2026-03-07,6306,1.599,1.779,1.649
2026-03-08,6306,1.599,1.779,1.649
2026-03-09,6306,1.639,1.799,1.789
2026-03-10,6306,1.669,1.829,1.849
2026-03-11,6306,1.699,1.859,1.859
2026-03-12,6306,1.689,1.849,1.839
2026-03-13,6306,1.689,1.859,1.859
2026-03-14,6306,1.689,1.859,1.859
2026-03-15,6306,1.689,1.859,1.859
2026-03-16,6306,1.739,1.899,1.899
2026-03-17,6306,1.759,1.919,1.899
2026-03-18,6306,1.779,1.939,1.899
2026-03-19,6306,1.789,1.949,1.959
2026-03-20,6306,1.819,1.989,1.979
2026-03-21,6306,1.819,1.989,1.979
2026-03-22,6306,1.671,1.817,1.862
2026-02-21,6312,1.515,1.645,1.479
2026-02-22,6312,1.509,1.639,1.475
2026-02-23,6312,1.509,1.639,1.475
2026-02-24,6312,1.509,1.649,1.499
2026-02-25,6312,1.515,1.655,1.495
2026-02-26,6312,1.515,1.655,1.495
2026-02-27,6312,1.515,1.665,1.495
2026-02-28,6312,1.519,1.659,1.495
2026-03-01,6312,1.519,1.659,1.499
2026-03-02,6312,1.519,1.659,1.499
2026-03-03,6312,1.519,1.669,1.519
2026-03-04,6312,1.539,1.689,1.579
2026-03-05,6312,1.569,1.719,1.639
2026-03-06,6312,1.585,1.745,1.699
2026-03-07,6312,1.625,1.775,1.779
2026-03-08,6312,1.655,1.805,1.825
2026-03-09,6312,1.655,1.805,1.825
2026-03-10,6312,1.675,1.825,1.865
2026-03-11,6312,1.715,1.865,1.895
2026-03-12,6312,1.699,1.849,1.885
2026-03-13,6312,1.729,1.889,1.905
2026-03-14,6312,1.749,1.899,1.935
2026-03-15,6312,1.779,1.929,1.939
2026-03-16,6312,1.779,1.929,1.939
2026-03-17,6312,1.805,1.965,1.979
2026-03-18,6312,1.815,1.975,1.995
2026-03-19,6312,1.829,1.989,1.995
2026-03-20,6312,1.865,2.035,2.049
2026-03-21,6312,1.885,1.7,2.099
2026-03-22,6312,1.588,1.7,1.854
2026-02-21,6314,1.549,,1.519
2026-02-22,6314,1.549,,1.519
2026-02-23,6314,1.549,,1.519
2026-02-24,6314,1.549,,1.535
2026-02-25,6314,1.555,,1.535
2026-02-26,6314,1.555,,1.535
2026-02-27,6314,1.555,,1.535
2026-02-28,6314,1.559,,1.539
2026-03-01,6314,1.559,,1.545
2026-03-02,6314,1.559,,1.545
2026-03-03,6314,1.559,,1.565
2026-03-04,6314,1.579,,1.619
2026-03-05,6314,1.605,,1.679
2026-03-06,6314,1.629,,1.719
2026-03-07,6314,1.655,,1.799
2026-03-08,6314,1.669,,1.849
2026-03-09,6314,1.669,,1.849
2026-03-10,6314,1.679,,1.885
2026-03-11,6314,1.715,,1.895
2026-03-12,6314,1.699,,1.885
2026-03-13,6314,1.729,,1.909
2026-03-14,6314,1.749,,1.939
2026-03-15,6314,1.779,,1.949
2026-03-16,6314,1.779,,1.949
2026-03-17,6314,1.799,,1.989
2026-03-18,6314,1.819,,1.979
2026-03-19,6314,1.805,,1.995
2026-03-20,6314,1.825,,2.049
2026-03-21,6314,1.845,,2.099
2026-03-22,6314,1.552,,1.854
2026-02-21,6319,1.549,1.699,1.519
2026-02-22,6319,1.549,1.699,1.519
2026-02-23,6319,1.549,1.699,1.519
2026-02-24,6319,1.549,1.709,1.535
2026-02-25,6319,1.555,1.715,1.535
2026-02-26,6319,1.555,1.715,1.535
2026-02-27,6319,1.555,1.725,1.535
2026-02-28,6319,1.559,1.719,1.539
2026-03-01,6319,1.559,1.719,1.545
2026-03-02,6319,1.559,1.719,1.545
2026-03-03,6319,1.559,1.719,1.565
2026-03-04,6319,1.579,1.739,1.619
2026-03-05,6319,1.609,1.769,1.679
2026-03-06,6319,1.629,1.799,1.725
2026-03-07,6319,1.655,1.815,1.805
2026-03-08,6319,1.669,1.829,1.845
2026-03-09,6319,1.669,1.829,1.845
2026-03-10,6319,1.669,1.829,1.879
2026-03-11,6319,1.715,1.875,1.909
2026-03-12,6319,1.715,1.875,1.889
2026-03-13,6319,1.735,1.905,1.899
2026-03-14,6319,1.755,1.915,1.935
2026-03-15,6319,1.785,1.945,1.949
2026-03-16,6319,1.785,1.945,1.949
2026-03-17,6319,1.809,1.969,1.989
2026-03-18,6319,1.819,1.979,2.005
2026-03-19,6319,1.839,1.999,1.995
2026-03-20,6319,1.849,2.019,2.049
2026-03-21,6319,1.869,1.685,2.099
2026-03-22,6319,1.574,1.685,1.854
2026-02-21,6320,1.529,1.669,1.509
2026-02-22,6320,1.529,1.669,1.509
2026-02-23,6320,1.539,1.679,1.519
2026-02-24,6320,1.539,1.679,1.519
2026-02-25,6320,1.539,1.679,1.519
2026-02-26,6320,1.539,1.679,1.519
2026-02-27,6320,1.549,1.689,1.529
2026-02-28,6320,1.549,1.689,1.529
2026-03-01,6320,1.549,1.689,1.529
2026-03-02,6320,1.589,1.729,1.589
2026-03-03,6320,1.589,1.729,1.589
2026-03-04,6320,1.589,1.729,1.589
2026-03-05,6320,1.619,1.759,1.659
2026-03-06,6320,1.619,1.759,1.719
2026-03-07,6320,1.639,1.789,1.769
2026-03-08,6320,1.669,1.809,1.849
2026-03-09,6320,1.689,1.829,1.869
2026-03-10,6320,1.689,1.829,1.889
2026-03-11,6320,1.689,1.829,1.889
2026-03-12,6320,1.689,1.829,1.889
2026-03-13,6320,1.699,1.839,1.889
2026-03-14,6320,1.729,1.859,1.929
2026-03-15,6320,1.729,1.859,1.929
2026-03-16,6320,1.769,1.899,1.949
2026-03-17,6320,1.789,1.939,1.959
2026-03-18,6320,1.789,1.939,1.959
2026-03-19,6320,1.809,1.989,1.999
2026-03-20,6320,1.809,1.989,1.999
2026-03-21,6320,1.839,1.999,2.069
2026-03-22,6320,1.559,1.689,1.849
2026-02-21,6328,1.535,1.695,1.499
2026-02-22,6328,1.535,1.695,1.495
2026-02-23,6328,1.535,1.695,1.495
2026-02-24,6328,1.529,1.689,1.519
2026-02-25,6328,1.535,1.695,1.515
2026-02-26,6328,1.535,1.695,1.515
2026-02-27,6328,1.535,1.705,1.515
2026-02-28,6328,1.545,1.705,1.515
2026-03-01,6328,1.539,1.699,1.519
2026-03-02,6328,1.539,1.699,1.519
2026-03-03,6328,1.539,1.699,1.539
2026-03-04,6328,1.559,1.719,1.609
2026-03-05,6328,1.595,1.755,1.669
2026-03-06,6328,1.609,1.779,1.719
2026-03-07,6328,1.635,1.795,1.799
2026-03-08,6328,1.645,1.805,1.849
2026-03-09,6328,1.645,1.805,1.849
2026-03-10,6328,1.655,1.815,1.869
2026-03-11,6328,1.699,1.859,1.889
2026-03-12,6328,1.679,1.839,1.879
2026-03-13,6328,1.709,1.879,1.885
2026-03-14,6328,1.729,1.889,1.915
2026-03-15,6328,1.759,1.919,1.919
2026-03-16,6328,1.759,1.919,1.919
2026-03-17,6328,1.789,1.949,1.955
2026-03-18,6328,1.799,1.959,1.975
2026-03-19,6328,1.809,1.969,1.975
2026-03-20,6328,1.845,2.015,2.029
2026-03-21,6328,1.865,1.681,2.079
2026-03-22,6328,1.57,1.681,1.836
2026-02-21,6346,1.515,,1.489
2026-02-22,6346,1.515,,1.485
2026-02-23,6346,1.515,,1.485
2026-02-24,6346,1.515,,1.509
2026-02-25,6346,1.519,,1.499
2026-02-26,6346,1.525,,1.499
2026-02-27,6346,1.519,,1.505
2026-02-28,6346,1.525,,1.505
2026-03-01,6346,1.529,,1.509
2026-03-02,6346,1.529,,1.509
2026-03-03,6346,1.525,,1.529
2026-03-04,6346,1.549,,1.585
2026-03-05,6346,1.585,,1.645
2026-03-06,6346,1.595,,1.705
2026-03-07,6346,1.629,,1.785
2026-03-08,6346,1.639,,1.835
2026-03-09,6346,1.639,,1.835
2026-03-10,6346,1.659,,1.865
2026-03-11,6346,1.709,,1.885
2026-03-12,6346,1.695,,1.859
2026-03-13,6346,1.715,,1.885
2026-03-14,6346,1.739,,1.909
2026-03-15,6346,1.765,,1.925
2026-03-16,6346,1.765,,1.925
2026-03-17,6346,1.785,,1.965
2026-03-18,6346,1.805,,1.985
2026-03-19,6346,1.809,,1.979
2026-03-20,6346,1.845,,2.035
2026-03-21,6346,1.865,,2.085
2026-03-22,6346,1.57,,1.842
2026-02-21,6359,1.549,1.699,1.519
2026-02-22,6359,1.549,1.699,1.519
2026-02-23,6359,1.549,1.699,1.519
2026-02-24,6359,1.549,1.709,1.535
2026-02-25,6359,1.555,1.715,1.535
2026-02-26,6359,1.555,1.715,1.535
2026-02-27,6359,1.555,1.725,1.535
2026-02-28,6359,1.559,1.719,1.539
2026-03-01,6359,1.559,1.719,1.545
2026-03-02,6359,1.559,1.719,1.545
2026-03-03,6359,1.559,1.719,1.565
2026-03-04,6359,1.579,1.739,1.619
2026-03-05,6359,1.609,1.769,1.679
2026-03-06,6359,1.629,1.799,1.725
2026-03-07,6359,1.659,1.819,1.805
2026-03-08,6359,1.679,1.839,1.855
2026-03-09,6359,1.679,1.839,1.855
2026-03-10,6359,1.689,1.849,1.889
2026-03-11,6359,1.719,1.879,1.909
2026-03-12,6359,1.719,1.879,1.889
2026-03-13,6359,1.739,1.909,1.909
2026-03-14,6359,1.759,1.919,1.939
2026-03-15,6359,1.789,1.949,1.949
2026-03-16,6359,1.789,1.949,1.949
2026-03-17,6359,1.809,1.969,1.979
2026-03-18,6359,1.819,1.979,1.999
2026-03-19,6359,1.839,1.999,2.005
2026-03-20,6359,1.869,2.039,2.059
2026-03-21,6359,1.889,1.703,2.109
2026-03-22,6359,1.592,1.703,1.863
2026-02-21,6371,1.529,1.689,1.505
2026-02-22,6371,1.535,1.695,1.509
2026-02-23,6371,1.535,1.695,1.509
2026-02-24,6371,1.545,1.705,1.525
2026-02-25,6371,1.555,1.715,1.529
2026-02-26,6371,1.555,1.715,1.519
2026-02-27,6371,1.555,1.725,1.519
2026-02-28,6371,1.549,1.709,1.519
2026-03-01,6371,1.549,1.709,1.519
2026-03-02,6371,1.549,1.709,1.519
2026-03-03,6371,1.549,1.709,1.545
2026-03-04,6371,1.575,1.735,1.599
2026-03-05,6371,1.609,1.769,1.659
2026-03-06,6371,1.629,1.799,1.709
2026-03-07,6371,1.655,1.815,1.789
2026-03-08,6371,1.665,1.825,1.839
2026-03-09,6371,1.665,1.825,1.839
2026-03-10,6371,1.659,1.819,1.875
2026-03-11,6371,1.705,1.865,1.889
2026-03-12,6371,1.675,1.835,1.849
2026-03-13,6371,1.695,1.865,1.865
2026-03-14,6371,1.715,1.875,1.895
2026-03-15,6371,1.745,1.905,1.905
2026-03-16,6371,1.745,1.905,1.905
2026-03-17,6371,1.775,1.935,1.945
2026-03-18,6371,1.789,1.949,1.965
2026-03-19,6371,1.795,1.955,1.965
2026-03-20,6371,1.825,1.995,2.019
2026-03-21,6371,1.845,1.663,2.069
2026-03-22,6371,1.552,1.663,1.827
2026-02-21,6376,1.535,1.685,1.499
2026-02-22,6376,1.535,1.685,1.489
2026-02-23,6376,1.535,1.685,1.489
2026-02-24,6376,1.529,1.689,1.489
2026-02-25,6376,1.535,1.695,1.495
2026-02-26,6376,1.535,1.695,1.495
2026-02-27,6376,1.535,1.705,1.495
2026-02-28,6376,1.545,1.705,1.515
2026-03-01,6376,1.539,1.699,1.535
2026-03-02,6376,1.539,1.699,1.535
2026-03-03,6376,1.539,1.699,1.545
2026-03-04,6376,1.555,1.715,1.595
2026-03-05,6376,1.575,1.735,1.649
2026-03-06,6376,1.585,1.755,1.689
2026-03-07,6376,1.615,1.775,1.769
2026-03-08,6376,1.639,1.799,1.815
2026-03-09,6376,1.639,1.799,1.815
2026-03-10,6376,1.649,1.809,1.849
2026-03-11,6376,1.695,1.855,1.865
2026-03-12,6376,1.679,1.839,1.845
2026-03-13,6376,1.699,1.869,1.865
2026-03-14,6376,1.715,1.875,1.895
2026-03-15,6376,1.745,1.905,1.905
2026-03-16,6376,1.745,1.905,1.905
2026-03-17,6376,1.765,1.925,1.945
2026-03-18,6376,1.779,1.939,1.959
2026-03-19,6376,1.795,1.955,1.959
2026-03-20,6376,1.825,1.995,2.015
2026-03-21,6376,1.845,1.663,2.065
2026-03-22,6376,1.552,1.663,1.823
2026-02-21,6378,1.499,1.639,1.519
2026-02-22,6378,1.499,1.639,1.519
2026-02-23,6378,1.499,1.639,1.519
2026-02-24,6378,1.499,1.639,1.519
2026-02-25,6378,1.499,1.639,1.519
2026-02-26,6378,1.499,1.639,1.519
2026-02-27,6378,1.499,1.639,1.519
2026-02-28,6378,1.499,1.639,1.519
2026-03-01,6378,1.499,1.639,1.519
2026-03-02,6378,1.519,1.689,1.539
2026-03-03,6378,1.559,1.689,1.629
2026-03-04,6378,1.559,1.689,1.629
2026-03-05,6378,1.559,1.689,1.629
2026-03-06,6378,1.629,1.719,1.789
2026-03-07,6378,1.629,1.719,1.789
2026-03-08,6378,1.629,1.719,1.789
2026-03-09,6378,1.639,1.749,1.859
2026-03-10,6378,1.699,1.809,1.869
2026-03-11,6378,1.689,1.809,1.839
2026-03-12,6378,1.689,1.809,1.839
2026-03-13,6378,1.749,1.829,1.889
2026-03-14,6378,1.749,1.829,1.889
2026-03-15,6378,1.749,1.829,1.889
2026-03-16,6378,1.749,1.829,1.889
2026-03-17,6378,1.789,1.909,1.939
2026-03-18,6378,1.789,1.909,1.939
2026-03-19,6378,1.789,1.909,1.939
2026-03-20,6378,1.839,1.959,2.109
2026-03-21,6378,1.839,1.789,2.109
2026-03-22,6378,1.689,1.789,1.939
2026-02-21,6390,1.509,1.649,1.475
2026-02-22,6390,1.509,1.649,1.485
2026-02-23,6390,1.509,1.649,1.485
2026-02-24,6390,1.509,1.649,1.509
2026-02-25,6390,1.515,1.655,1.505
2026-02-26,6390,1.515,1.655,1.505
2026-02-27,6390,1.515,1.665,1.499
2026-02-28,6390,1.525,1.665,1.505
2026-03-01,6390,1.519,1.659,1.505
2026-03-02,6390,1.519,1.659,1.505
2026-03-03,6390,1.519,1.669,1.529
2026-03-04,6390,1.545,1.695,1.579
2026-03-05,6390,1.565,1.715,1.639
2026-03-06,6390,1.595,1.755,1.699
2026-03-07,6390,1.629,1.779,1.779
2026-03-08,6390,1.659,1.809,1.819
2026-03-09,6390,1.659,1.809,1.819
2026-03-10,6390,1.679,1.819,1.849
2026-03-11,6390,1.715,1.855,1.879
2026-03-12,6390,1.715,1.855,1.855
2026-03-13,6390,1.729,1.879,1.879
2026-03-14,6390,1.755,1.895,1.915
2026-03-15,6390,1.785,1.925,1.929
2026-03-16,6390,1.785,1.925,1.929
2026-03-17,6390,1.805,1.965,1.969
2026-03-18,6390,1.815,1.975,1.985
2026-03-19,6390,1.829,1.989,1.999
2026-03-20,6390,1.865,2.035,2.055
2026-03-21,6390,1.885,1.7,2.105
2026-03-22,6390,1.588,1.7,1.86
2026-02-21,6391,1.55,1.675,1.519
2026-02-22,6391,1.545,1.678,1.526
2026-02-23,6391,1.544,1.679,1.527
2026-02-24,6391,1.544,1.679,1.527
2026-02-25,6391,1.549,1.679,1.532
2026-02-26,6391,1.545,1.685,1.529
2026-02-27,6391,1.547,1.698,1.529
2026-02-28,6391,1.559,1.685,1.536
2026-03-01,6391,1.574,1.714,1.536
2026-03-02,6391,1.584,1.689,1.537
2026-03-03,6391,1.582,1.716,1.575
2026-03-04,6391,1.597,1.731,1.626
2026-03-05,6391,1.607,1.741,1.676
2026-03-06,6391,1.628,1.761,1.737
2026-03-07,6391,1.648,1.781,1.797
2026-03-08,6391,1.678,1.811,1.848
2026-03-09,6391,1.688,1.821,1.868
2026-03-10,6391,1.708,1.841,1.908
2026-03-11,6391,1.679,1.839,1.879
2026-03-12,6391,1.679,1.839,1.879
2026-03-13,6391,1.689,1.849,1.899
2026-03-14,6391,1.719,1.879,1.929
2026-03-15,6391,1.729,1.889,1.929
2026-03-16,6391,1.739,1.899,1.929
2026-03-17,6391,1.749,1.909,1.949
2026-03-18,6391,1.779,1.929,1.969
2026-03-19,6391,1.779,1.929,1.969
2026-03-20,6391,1.799,1.949,2.029
2026-03-21,6391,1.829,1.64,2.059
2026-03-22,6391,1.538,1.64,1.818
2026-02-21,6408,1.499,,1.519
2026-02-22,6408,1.499,,1.519
2026-02-23,6408,1.499,,1.519
2026-02-24,6408,1.499,,1.519
2026-02-25,6408,1.499,,1.519
2026-02-26,6408,1.499,,1.519
2026-02-27,6408,1.499,,1.519
2026-02-28,6408,1.499,,1.519
2026-03-01,6408,1.499,,1.519
2026-03-02,6408,1.499,,1.519
2026-03-03,6408,1.519,,1.539
2026-03-04,6408,1.559,,1.629
2026-03-05,6408,1.559,,1.629
2026-03-06,6408,1.559,,1.629
2026-03-07,6408,1.629,,1.789
2026-03-08,6408,1.629,,1.789
2026-03-09,6408,1.629,,1.789
2026-03-10,6408,1.639,,1.859
2026-03-11,6408,1.699,,1.869
2026-03-12,6408,1.689,,1.839
2026-03-13,6408,1.689,,1.839
2026-03-14,6408,1.749,,1.889
2026-03-15,6408,1.749,,1.889
2026-03-16,6408,1.749,,1.889
2026-03-17,6408,1.749,,1.889
2026-03-18,6408,1.789,,1.939
2026-03-19,6408,1.789,,1.939
2026-03-20,6408,1.849,,1.999
2026-03-21,6408,1.839,,2.109
2026-03-22,6408,1.839,,2.109
2026-02-21,6422,1.549,,1.519
2026-02-22,6422,1.549,,1.519
2026-02-23,6422,1.549,,1.519
2026-02-24,6422,1.539,,1.529
2026-02-25,6422,1.539,,1.529
2026-02-26,6422,1.539,,1.529
2026-02-27,6422,1.549,,1.529
2026-02-28,6422,1.549,,1.529
2026-03-01,6422,1.559,,1.539
2026-03-02,6422,1.559,,1.539
2026-03-03,6422,1.559,,1.559
2026-03-04,6422,1.569,,1.619
2026-03-05,6422,1.599,,1.679
2026-03-06,6422,1.644,,1.764
2026-03-07,6422,1.639,,1.809
2026-03-08,6422,1.649,,1.849
2026-03-09,6422,1.649,,1.849
2026-03-10,6422,1.679,,1.879
2026-03-11,6422,1.689,,1.889
2026-03-12,6422,1.679,,1.859
2026-03-13,6422,1.699,,1.879
2026-03-14,6422,1.719,,1.909
2026-03-15,6422,1.749,,1.909
2026-03-16,6422,1.749,,1.909
2026-03-17,6422,1.769,,1.949
2026-03-18,6422,1.789,,1.969
2026-03-19,6422,1.799,,1.979
2026-03-20,6422,1.839,,2.029
2026-03-21,6422,1.859,,2.079
2026-03-22,6422,1.674,,1.959
2026-02-21,7751,1.57,,1.53
2026-02-22,7751,1.562,,1.522
2026-02-23,7751,1.554,,1.524
2026-02-24,7751,1.556,,1.524
2026-02-25,7751,1.561,,1.529
2026-02-26,7751,1.566,,1.534
2026-02-27,7751,1.568,,1.534
2026-02-28,7751,1.577,,1.544
2026-03-01,7751,1.579,,1.554
2026-03-02,7751,1.589,,1.564
2026-03-03,7751,1.582,,1.565
2026-03-04,7751,1.597,,1.616
2026-03-05,7751,1.607,,1.666
2026-03-06,7751,1.628,,1.727
2026-03-07,7751,1.648,,1.787
2026-03-08,7751,1.678,,1.838
2026-03-09,7751,1.688,,1.858
2026-03-10,7751,1.708,,1.898
2026-03-11,7751,1.679,,1.879
2026-03-12,7751,1.679,,1.879
2026-03-13,7751,1.689,,1.899
2026-03-14,7751,1.719,,1.929
2026-03-15,7751,1.729,,1.929
2026-03-16,7751,1.739,,1.929
2026-03-17,7751,1.749,,1.949
2026-03-18,7751,1.779,,1.969
2026-03-19,7751,1.779,,1.969
2026-03-20,7751,1.799,,2.029
2026-03-21,7751,1.829,,2.059
2026-03-22,7751,1.538,,1.818
2026-02-21,7753,1.57,1.699,1.529
2026-02-22,7753,1.563,1.698,1.522
2026-02-23,7753,1.554,1.699,1.524
2026-02-24,7753,1.557,1.699,1.524
2026-02-25,7753,1.562,1.705,1.529
2026-02-26,7753,1.566,1.715,1.534
2026-02-27,7753,1.568,1.728,1.534
2026-02-28,7753,1.577,1.719,1.544
2026-03-01,7753,1.579,1.729,1.554
2026-03-02,7753,1.589,1.725,1.564
2026-03-03,7753,1.582,1.752,1.565
2026-03-04,7753,1.597,1.767,1.616
2026-03-05,7753,1.607,1.777,1.666
2026-03-06,7753,1.628,1.797,1.727
2026-03-07,7753,1.648,1.817,1.787
2026-03-08,7753,1.678,1.847,1.838
2026-03-09,7753,1.688,1.857,1.858
2026-03-10,7753,1.708,1.877,1.898
2026-03-11,7753,1.679,1.839,1.879
2026-03-12,7753,1.679,1.839,1.879
2026-03-13,7753,1.689,1.849,1.899
2026-03-14,7753,1.719,1.879,1.929
2026-03-15,7753,1.729,1.889,1.929
2026-03-16,7753,1.739,1.899,1.929
2026-03-17,7753,1.749,1.909,1.949
2026-03-18,7753,1.779,1.929,1.969
2026-03-19,7753,1.779,1.929,1.969
2026-03-20,7753,1.799,1.949,2.029
2026-03-21,7753,1.829,1.64,2.059
2026-03-22,7753,1.538,1.64,1.818
2026-02-21,7758,1.519,1.639,1.489
2026-02-22,7758,1.519,1.639,1.489
2026-02-23,7758,1.529,1.649,1.489
2026-02-24,7758,1.529,1.659,1.499
2026-02-25,7758,1.539,1.659,1.509
2026-02-26,7758,1.539,1.659,1.499
2026-02-27,7758,1.539,1.679,1.509
2026-02-28,7758,1.539,1.679,1.509
2026-03-01,7758,1.539,1.679,1.509
2026-03-02,7758,1.549,1.679,1.509
2026-03-03,7758,1.549,1.679,1.519
2026-03-04,7758,1.569,1.699,1.579
2026-03-05,7758,1.585,1.739,1.649
2026-03-06,7758,1.609,1.749,1.689
2026-03-07,7758,1.609,1.749,1.689
2026-03-08,7758,1.609,1.749,1.689
2026-03-09,7758,1.659,1.799,1.819
2026-03-10,7758,1.669,1.819,1.859
2026-03-11,7758,1.709,1.859,1.879
2026-03-12,7758,1.699,1.849,1.879
2026-03-13,7758,1.719,1.879,1.889
2026-03-14,7758,1.719,1.879,1.889
2026-03-15,7758,1.719,1.879,1.889
2026-03-16,7758,1.769,1.919,1.929
2026-03-17,7758,1.799,1.939,1.959
2026-03-18,7758,1.809,1.969,1.989
2026-03-19,7758,1.819,1.979,1.989
2026-03-20,7758,1.859,2.019,2.029
2026-03-21,7758,1.859,2.019,2.029
2026-03-22,7758,1.859,2.019,2.029
2026-02-21,7759,1.539,1.709,1.519
2026-02-22,7759,1.539,1.709,1.519
2026-02-23,7759,1.539,1.709,1.509
2026-02-24,7759,1.549,1.709,1.519
2026-02-25,7759,1.559,1.719,1.519
2026-02-26,7759,1.559,1.719,1.519
2026-02-27,7759,1.559,1.719,1.519
2026-02-28,7759,1.559,1.719,1.519
2026-03-01,7759,1.559,1.719,1.519
2026-03-02,7759,1.559,1.719,1.519
2026-03-03,7759,1.559,1.719,1.539
2026-03-04,7759,1.579,1.739,1.599
2026-03-05,7759,1.609,1.769,1.659
2026-03-06,7759,1.629,1.799,1.709
2026-03-07,7759,1.629,1.799,1.709
2026-03-08,7759,1.629,1.799,1.709
2026-03-09,7759,1.669,1.829,1.809
2026-03-10,7759,1.669,1.829,1.869
2026-03-11,7759,1.709,1.869,1.889
2026-03-12,7759,1.679,1.839,1.849
2026-03-13,7759,1.699,1.869,1.869
2026-03-14,7759,1.719,1.879,1.889
2026-03-15,7759,1.719,1.879,1.889
2026-03-16,7759,1.749,1.909,1.899
2026-03-17,7759,1.779,1.939,1.939
2026-03-18,7759,1.789,1.949,1.959
2026-03-19,7759,1.789,1.949,1.959
2026-03-20,7759,1.829,1.999,2.019
2026-03-21,7759,1.849,2.009,2.069
2026-03-22,7759,1.849,2.009,2.069
2026-02-24,7761,1.549,1.699,1.519
2026-02-25,7761,1.549,1.699,1.525
2026-02-26,7761,1.555,1.705,1.515
2026-02-27,7761,1.549,1.709,1.515
2026-02-28,7761,1.545,1.695,1.515
2026-03-01,7761,1.545,1.695,1.525
2026-03-02,7761,1.545,1.695,1.525
2026-03-03,7761,1.545,1.695,1.545
2026-03-04,7761,1.569,1.719,1.595
2026-03-05,7761,1.605,1.755,1.655
2026-03-06,7761,1.625,1.785,1.715
2026-03-07,7761,1.655,1.805,1.795
2026-03-08,7761,1.665,1.815,1.829
2026-03-09,7761,1.665,1.815,1.829
2026-03-10,7761,1.655,1.815,1.869
2026-03-11,7761,1.705,1.865,1.885
2026-03-12,7761,1.675,1.835,1.845
2026-03-13,7761,1.695,1.865,1.865
2026-03-14,7761,1.715,1.875,1.895
2026-03-15,7761,1.745,1.905,1.905
2026-03-16,7761,1.745,1.905,1.905
2026-03-17,7761,1.775,1.935,1.945
2026-03-18,7761,1.785,1.945,1.959
2026-03-19,7761,1.795,1.955,1.959
2026-03-20,7761,1.825,1.995,2.015
2026-03-21,7761,1.845,1.663,2.065
2026-03-22,7761,1.552,1.663,1.823
2026-02-21,8254,1.499,1.639,1.469
2026-02-22,8254,1.499,1.639,1.469
2026-02-23,8254,1.505,1.645,1.475
2026-02-24,8254,1.505,1.665,1.499
2026-02-25,8254,1.509,1.659,1.489
2026-02-26,8254,1.509,1.659,1.489
2026-02-27,8254,1.509,1.669,1.489
2026-02-28,8254,1.509,1.669,1.489
2026-03-01,8254,1.509,1.669,1.489
2026-03-02,8254,1.515,1.665,1.499
2026-03-03,8254,1.515,1.655,1.519
2026-03-04,8254,1.535,1.665,1.575
2026-03-05,8254,1.565,1.705,1.635
2026-03-06,8254,1.595,1.735,1.695
2026-03-07,8254,1.625,1.765,1.775
2026-03-08,8254,1.625,1.765,1.775
2026-03-09,8254,1.645,1.795,1.819
2026-03-10,8254,1.665,1.815,1.869
2026-03-11,8254,1.699,1.859,1.889
2026-03-12,8254,1.699,1.845,1.879
2026-03-13,8254,1.735,1.885,1.905
2026-03-14,8254,1.759,1.899,1.929
2026-03-15,8254,1.759,1.899,1.929
2026-03-16,8254,1.785,1.925,1.945
2026-03-17,8254,1.799,1.949,1.985
2026-03-18,8254,1.819,1.969,2.005
2026-03-19,8254,1.829,1.979,1.999
2026-03-20,8254,1.859,2.025,2.055
2026-03-21,8254,1.879,2.035,2.105
2026-03-22,8254,1.879,2.035,2.105
2026-02-21,872,,,1.49
2026-02-22,872,,,1.49
2026-02-23,872,,,1.49
2026-02-24,872,,,1.514
2026-02-25,872,,,1.514
2026-02-26,872,,,1.514
2026-02-27,872,,,1.514
2026-02-28,872,,,1.514
2026-03-01,872,,,1.514
2026-03-02,872,,,1.514
2026-03-03,872,,,1.514
2026-03-04,872,,,1.69
2026-03-05,872,,,1.814
2026-03-06,872,,,1.839
2026-03-07,872,,,1.898
2026-03-08,872,,,1.898
2026-03-09,872,,,1.898
2026-03-10,872,,,2.239
2026-03-11,872,,,2.329
2026-03-12,872,,,2.229
2026-03-13,872,,,2.125
2026-03-14,872,,,2.169
2026-03-15,872,,,2.169
2026-03-16,872,,,2.169
2026-03-17,872,,,2.169
2026-03-18,872,,,2.169
2026-03-19,872,,,2.035
2026-03-20,872,,,2.035
2026-03-21,872,,,2.035
2026-03-22,872,,,2.035
2026-02-21,9243,,,1.33
2026-02-22,9243,,,1.33
2026-02-23,9243,,,1.33
2026-02-24,9243,,,1.33
2026-02-25,9243,,,1.33
2026-02-26,9243,,,1.33
2026-02-27,9243,,,1.33
2026-02-28,9243,,,1.33
2026-03-01,9243,,,1.33
2026-03-02,9243,,,1.35
2026-03-03,9243,,,1.44
2026-03-04,9243,,,1.5
2026-03-05,9243,,,1.6
2026-03-06,9243,,,1.6
2026-03-07,9243,,,1.6
2026-03-08,9243,,,1.6
2026-03-09,9243,,,1.6
2026-03-10,9243,,,1.8
2026-03-11,9243,,,1.8
2026-03-12,9243,,,1.77
2026-03-13,9243,,,1.77
2026-03-14,9243,,,1.77
2026-03-15,9243,,,1.77
2026-03-16,9243,,,1.79
2026-03-17,9243,,,1.8
2026-03-18,9243,,,1.8
2026-03-19,9243,,,1.84
2026-03-20,9243,,,1.84
2026-03-21,9243,,,1.84
2026-03-22,9243,,,1.84
2026-02-21,9426,1.519,,1.489
2026-02-22,9426,1.519,,1.489
2026-02-23,9426,1.529,,1.489
2026-02-24,9426,1.529,,1.499
2026-02-25,9426,1.539,,1.509
2026-02-26,9426,1.539,,1.499
2026-02-27,9426,1.539,,1.509
2026-02-28,9426,1.539,,1.509
2026-03-01,9426,1.539,,1.509
2026-03-02,9426,1.549,,1.509
2026-03-03,9426,1.549,,1.519
2026-03-04,9426,1.569,,1.579
2026-03-05,9426,1.585,,1.649
2026-03-06,9426,1.609,,1.689
2026-03-07,9426,1.609,,1.689
2026-03-08,9426,1.609,,1.689
2026-03-09,9426,1.599,,1.759
2026-03-10,9426,1.609,,1.799
2026-03-11,9426,1.649,,1.819
2026-03-12,9426,1.639,,1.819
2026-03-13,9426,1.659,,1.829
2026-03-14,9426,1.659,,1.829
2026-03-15,9426,1.659,,1.829
2026-03-16,9426,1.709,,1.869
2026-03-17,9426,1.739,,1.899
2026-03-18,9426,1.749,,1.929
2026-03-19,9426,1.759,,1.929
2026-03-20,9426,1.799,,1.969
2026-03-21,9426,1.799,,1.969
2026-03-22,9426,1.799,,1.969
2026-02-21,9704,1.439,,1.449
2026-02-22,9704,1.439,,1.449
2026-02-24,9704,1.439,,1.449
2026-02-25,9704,1.439,,1.449
2026-02-26,9704,1.439,,1.449
2026-02-27,9704,1.439,,1.449
2026-02-28,9704,1.439,,1.449
2026-03-01,9704,1.439,,1.449
2026-03-02,9704,1.499,,1.489
2026-03-03,9704,1.579,,1.569
2026-03-04,9704,1.579,,1.569
2026-03-05,9704,1.579,,1.569
2026-03-06,9704,1.595,,1.599
2026-03-07,9704,1.629,,1.699
2026-03-08,9704,1.629,,1.699
2026-03-09,9704,1.679,,1.789
2026-03-10,9704,1.679,,1.789
2026-03-11,9704,1.679,,1.789
2026-03-12,9704,1.699,,1.899
2026-03-13,9704,1.699,,1.899
2026-03-14,9704,1.699,,1.899
2026-03-15,9704,1.719,,1.899
2026-03-16,9704,1.719,,1.899
2026-03-17,9704,1.769,,1.929
2026-03-18,9704,1.769,,1.929
2026-03-19,9704,1.769,,1.969
2026-03-20,9704,1.799,,1.969
2026-03-21,9704,1.799,,1.969
2026-03-22,9704,1.799,,1.969
